org_file_name,db_weight_prediction_pixel_mean,jetson_weight_prediction_pixel_mean,delta,create_time
FA0002_GW01_H02_0012_20211125075456_farm_image_real_4bc227ba49b6.jpg,8919.0,1519.0,7400.0,2021-11-25 07:54:56
FA0002_GW01_H02_0013_20211125075459_farm_image_real_b05923e84a8c.jpg,8316.0,1413.0,6903.0,2021-11-25 07:54:59
FA0002_GW01_H01_0001_20211125075500_farm_image_real_7a2d591e4e41.jpg,10306.0,1552.0,8754.0,2021-11-25 07:55:00
FA0002_GW01_H02_0014_20211125080639_farm_image_real_3c2758b041b1.jpg,8324.0,1339.0,6985.0,2021-11-25 08:06:39
FA0002_GW01_H02_0012_20211125081831_farm_image_real_a8f9ac794d8a.jpg,9266.0,1494.0,7772.0,2021-11-25 08:18:31
FA0002_GW01_H02_0014_20211125081835_farm_image_real_24999edb4c68.jpg,8191.0,1430.0,6761.0,2021-11-25 08:18:35
FA0002_GW01_H02_0010_20211125081840_farm_image_real_2910b5c54815.jpg,9710.0,1648.0,8062.0,2021-11-25 08:18:40
FA0002_GW01_H02_0015_20211125081847_farm_image_real_9689517746a0.jpg,10671.0,1749.0,8922.0,2021-11-25 08:18:47
FA0002_GW01_H02_0012_20211125083029_farm_image_real_f0c472214a98.jpg,6470.0,1057.0,5413.0,2021-11-25 08:30:29
FA0002_GW01_H02_0014_20211125083031_farm_image_real_20b1a32a4497.jpg,10536.0,1802.0,8734.0,2021-11-25 08:30:31
FA0002_GW01_H02_0010_20211125083032_farm_image_real_a9bd34a24fa0.jpg,7625.0,1248.0,6377.0,2021-11-25 08:30:32
FA0002_GW01_H01_0007_20211125083246_farm_image_real_0f43c1fb485d.jpg,10073.0,1861.0,8212.0,2021-11-25 08:32:46
FA0002_GW01_H01_0002_20211125084258_farm_image_real_10f582aa4c9b.jpg,8749.0,1400.0,7349.0,2021-11-25 08:42:58
FA0002_GW01_H01_0001_20211125084519_farm_image_real_12235cb54874.jpg,9184.0,1471.0,7713.0,2021-11-25 08:45:19
FA0002_GW01_H02_0010_20211125084847_farm_image_real_05f20fec468c.jpg,11162.0,1798.0,9364.0,2021-11-25 08:48:47
FA0002_GW01_H02_0013_20211125084916_farm_image_real_f60612f244ec.jpg,10386.0,1566.0,8820.0,2021-11-25 08:49:16
FA0002_GW01_H01_0002_20211125085441_farm_image_real_5f8e484744ee.jpg,9478.0,1506.0,7972.0,2021-11-25 08:54:41
FA0002_GW01_H01_0007_20211125085442_farm_image_real_3cf4a0b14998.jpg,7291.0,1167.0,6124.0,2021-11-25 08:54:42
FA0002_GW01_H01_0001_20211125085519_farm_image_real_25de07864a6d.jpg,8924.0,1441.0,7483.0,2021-11-25 08:55:19
FA0002_GW01_H02_0012_20211125090026_farm_image_real_4512fb1546ea.jpg,6183.0,1177.0,5006.0,2021-11-25 09:00:26
FA0002_GW01_H02_0013_20211125090033_farm_image_real_c14890394e31.jpg,9567.0,1495.0,8072.0,2021-11-25 09:00:33
FA0002_GW01_H02_0015_20211125090239_farm_image_real_d9ea66ea4688.jpg,9256.0,1575.0,7681.0,2021-11-25 09:02:39
FA0002_GW01_H01_0001_20211125090526_farm_image_real_5e8b736b42d9.jpg,9385.0,1508.0,7877.0,2021-11-25 09:05:26
FA0002_GW01_H01_0002_20211125090626_farm_image_real_1e2bcaef40bc.jpg,9814.0,1565.0,8249.0,2021-11-25 09:06:26
FA0002_GW01_H02_0010_20211125091032_farm_image_real_7b32aaa04355.jpg,8069.0,1342.0,6727.0,2021-11-25 09:10:32
FA0002_GW01_H02_0013_20211125091039_farm_image_real_d5cd9cf14862.jpg,9503.0,1638.0,7865.0,2021-11-25 09:10:39
FA0002_GW01_H02_0012_20211125091039_farm_image_real_bd7b12714b06.jpg,8310.0,1302.0,7008.0,2021-11-25 09:10:39
FA0002_GW01_H02_0014_20211125091050_farm_image_real_d215a01849ac.jpg,10495.0,1765.0,8730.0,2021-11-25 09:10:50
FA0002_GW01_H02_0015_20211125091244_farm_image_real_83f319ca4922.jpg,9846.0,1641.0,8205.0,2021-11-25 09:12:44
FA0002_GW01_H01_0001_20211125091526_farm_image_real_c365c6944c17.jpg,8428.0,1758.0,6670.0,2021-11-25 09:15:26
FA0002_GW01_H01_0002_20211125091638_farm_image_real_3418acfb4d1e.jpg,8197.0,1820.0,6377.0,2021-11-25 09:16:38
FA0002_GW01_H02_0010_20211125092036_farm_image_real_a8aedb494a40.jpg,10392.0,1781.0,8611.0,2021-11-25 09:20:36
FA0002_GW01_H02_0012_20211125092232_farm_image_real_f0d6358148e0.jpg,9002.0,1434.0,7568.0,2021-11-25 09:22:32
FA0002_GW01_H02_0014_20211125092248_farm_image_real_8bd651df437c.jpg,9480.0,1461.0,8019.0,2021-11-25 09:22:48
FA0002_GW01_H02_0015_20211125092431_farm_image_real_618720e7487d.jpg,9790.0,1552.0,8238.0,2021-11-25 09:24:31
FA0002_GW01_H01_0001_20211125092533_farm_image_real_c05a0cfd45c2.jpg,8824.0,1220.0,7604.0,2021-11-25 09:25:33
FA0002_GW01_H01_0002_20211125092832_farm_image_real_4993c5ff41de.jpg,8784.0,1433.0,7351.0,2021-11-25 09:28:32
FA0002_GW01_H02_0013_20211125093045_farm_image_real_39d8c7a44a6c.jpg,10199.0,1626.0,8573.0,2021-11-25 09:30:45
FA0002_GW01_H02_0012_20211125093232_farm_image_real_e1b21bec4cc0.jpg,8672.0,1376.0,7296.0,2021-11-25 09:32:32
FA0002_GW01_H02_0010_20211125093235_farm_image_real_ec9cb2c747d3.jpg,9050.0,1554.0,7496.0,2021-11-25 09:32:35
FA0002_GW01_H02_0015_20211125093442_farm_image_real_95f72ed04347.jpg,10125.0,1617.0,8508.0,2021-11-25 09:34:42
FA0002_GW01_H02_0014_20211125093447_farm_image_real_7e0973c04d09.jpg,9395.0,1494.0,7901.0,2021-11-25 09:34:47
FA0002_GW01_H01_0002_20211125094032_farm_image_real_eefd8c9e4bf5.jpg,9664.0,1476.0,8188.0,2021-11-25 09:40:32
FA0002_GW01_H02_0012_20211125094234_farm_image_real_b1b7b58f41b2.jpg,7570.0,1288.0,6282.0,2021-11-25 09:42:34
FA0002_GW01_H02_0010_20211125094235_farm_image_real_60505a524a04.jpg,9644.0,1494.0,8150.0,2021-11-25 09:42:35
FA0002_GW01_H01_0001_20211125094605_farm_image_real_c7e47f7f4f48.jpg,7424.0,1176.0,6248.0,2021-11-25 09:46:05
FA0002_GW01_H02_0014_20211125094633_farm_image_real_c41f8fd84213.jpg,7175.0,1132.0,6043.0,2021-11-25 09:46:33
FA0002_GW01_H02_0015_20211125094633_farm_image_real_435de7b6431a.jpg,8955.0,1506.0,7449.0,2021-11-25 09:46:33
FA0002_GW01_H01_0002_20211125095235_farm_image_real_34a43ecc4f49.jpg,9258.0,1630.0,7628.0,2021-11-25 09:52:35
FA0002_GW01_H02_0010_20211125095236_farm_image_real_d59929954203.jpg,8156.0,1717.0,6439.0,2021-11-25 09:52:36
FA0002_GW01_H02_0012_20211125095238_farm_image_real_93b448204761.jpg,8072.0,1216.0,6856.0,2021-11-25 09:52:38
FA0002_GW01_H02_0013_20211125095241_farm_image_real_00058c3046c8.jpg,8326.0,1335.0,6991.0,2021-11-25 09:52:41
FA0002_GW01_H01_0001_20211125095608_farm_image_real_ca700afd44ea.jpg,7997.0,1387.0,6610.0,2021-11-25 09:56:08
FA0002_GW01_H02_0014_20211125095633_farm_image_real_394e425e4445.jpg,8736.0,1404.0,7332.0,2021-11-25 09:56:33
FA0002_GW01_H02_0015_20211125095639_farm_image_real_9a99a3a54e86.jpg,10022.0,1539.0,8483.0,2021-11-25 09:56:39
FA0002_GW01_H01_0002_20211125100239_farm_image_real_c72f4ab94bef.jpg,10118.0,1749.0,8369.0,2021-11-25 10:02:39
FA0002_GW01_H02_0010_20211125100241_farm_image_real_4f95db0045e6.jpg,9079.0,1445.0,7634.0,2021-11-25 10:02:41
FA0002_GW01_H02_0012_20211125100428_farm_image_real_578230924e34.jpg,9466.0,1488.0,7978.0,2021-11-25 10:04:28
FA0002_GW01_H02_0013_20211125100442_farm_image_real_eac456694562.jpg,9866.0,1562.0,8304.0,2021-11-25 10:04:42
FA0002_GW01_H01_0001_20211125100614_farm_image_real_9847d6184c52.jpg,9634.0,1458.0,8176.0,2021-11-25 10:06:14
FA0002_GW01_H02_0015_20211125100841_farm_image_real_c61afd5c48e3.jpg,8762.0,1473.0,7289.0,2021-11-25 10:08:41
FA0002_GW01_H02_0012_20211125101429_farm_image_real_87a5b0df4e30.jpg,6890.0,1229.0,5661.0,2021-11-25 10:14:29
FA0002_GW01_H01_0002_20211125101430_farm_image_real_3c6694ad4684.jpg,9548.0,1792.0,7756.0,2021-11-25 10:14:30
FA0002_GW01_H02_0010_20211125101436_farm_image_real_5eaa18824771.jpg,7675.0,1274.0,6401.0,2021-11-25 10:14:36
FA0002_GW01_H01_0001_20211125101639_farm_image_real_95f29dc947d0.jpg,9053.0,1680.0,7373.0,2021-11-25 10:16:39
FA0002_GW01_H02_0013_20211125101643_farm_image_real_f4f957f3437b.jpg,8940.0,1441.0,7499.0,2021-11-25 10:16:43
FA0002_GW01_H02_0014_20211125101839_farm_image_real_005099f848c9.jpg,10309.0,1750.0,8559.0,2021-11-25 10:18:39
FA0002_GW01_H02_0015_20211125102038_farm_image_real_17551a3f434a.jpg,9524.0,1443.0,8081.0,2021-11-25 10:20:38
FA0002_GW01_H01_0002_20211125102629_farm_image_real_e3a9b5ab46da.jpg,9848.0,1640.0,8208.0,2021-11-25 10:26:29
FA0002_GW01_H02_0010_20211125102634_farm_image_real_7c9460264585.jpg,8860.0,1332.0,7528.0,2021-11-25 10:26:34
FA0002_GW01_H01_0001_20211125102643_farm_image_real_c2c88d9c4ec4.jpg,9504.0,1518.0,7986.0,2021-11-25 10:26:43
FA0002_GW01_H02_0013_20211125102837_farm_image_real_191721f441c3.jpg,7964.0,1540.0,6424.0,2021-11-25 10:28:37
FA0002_GW01_H02_0014_20211125103038_farm_image_real_0e010aa84122.jpg,11049.0,1748.0,9301.0,2021-11-25 10:30:38
FA0002_GW01_H02_0015_20211125103040_farm_image_real_dd408b894634.jpg,8554.0,1366.0,7188.0,2021-11-25 10:30:40
FA0002_GW01_H02_0012_20211125103635_farm_image_real_ae11726f4fab.jpg,9466.0,1439.0,8027.0,2021-11-25 10:36:35
FA0002_GW01_H01_0002_20211125103825_farm_image_real_e9061c6643ca.jpg,9660.0,1560.0,8100.0,2021-11-25 10:38:25
FA0002_GW01_H02_0010_20211125103828_farm_image_real_046515ce4df7.jpg,7877.0,1386.0,6491.0,2021-11-25 10:38:28
FA0002_GW01_H01_0007_20211125103835_farm_image_real_167266de430e.jpg,7532.0,1209.0,6323.0,2021-11-25 10:38:35
FA0002_GW01_H02_0013_20211125103848_farm_image_real_9b01d0644b41.jpg,9598.0,1466.0,8132.0,2021-11-25 10:38:48
FA0002_GW01_H02_0014_20211125104040_farm_image_real_131af2c84879.jpg,10511.0,1765.0,8746.0,2021-11-25 10:40:40
FA0002_GW01_H02_0015_20211125104041_farm_image_real_547022f642c3.jpg,8686.0,1724.0,6962.0,2021-11-25 10:40:41
FA0002_GW01_H01_0001_20211125104653_farm_image_real_32eb5f8e45f1.jpg,9384.0,1534.0,7850.0,2021-11-25 10:46:53
FA0002_GW01_H02_0012_20211125104832_farm_image_real_78dfc50843a0.jpg,8053.0,1316.0,6737.0,2021-11-25 10:48:32
FA0002_GW01_H02_0010_20211125104833_farm_image_real_f79eddee49ce.jpg,7979.0,1262.0,6717.0,2021-11-25 10:48:33
FA0002_GW01_H01_0002_20211125104834_farm_image_real_f8f95c4a44d7.jpg,8857.0,1437.0,7420.0,2021-11-25 10:48:34
FA0002_GW01_H02_0013_20211125105039_farm_image_real_e35022f24202.jpg,9962.0,1676.0,8286.0,2021-11-25 10:50:39
FA0002_GW01_H02_0015_20211125105041_farm_image_real_fbb92a5b4abd.jpg,8415.0,1458.0,6957.0,2021-11-25 10:50:41
FA0002_GW01_H02_0014_20211125105236_farm_image_real_dca681c44564.jpg,7158.0,1150.0,6008.0,2021-11-25 10:52:36
FA0002_GW01_H01_0001_20211125105658_farm_image_real_dc6be115416b.jpg,9387.0,1488.0,7899.0,2021-11-25 10:56:58
FA0002_GW01_H02_0010_20211125105834_farm_image_real_c7fa30aa4db3.jpg,9214.0,1478.0,7736.0,2021-11-25 10:58:34
FA0002_GW01_H01_0002_20211125110026_farm_image_real_c1e69c0947ad.jpg,9304.0,1663.0,7641.0,2021-11-25 11:00:26
FA0002_GW01_H02_0012_20211125110029_farm_image_real_882e1c004b23.jpg,7744.0,1536.0,6208.0,2021-11-25 11:00:29
FA0002_GW01_H02_0013_20211125110234_farm_image_real_811e667b4fd8.jpg,9078.0,1591.0,7487.0,2021-11-25 11:02:34
FA0002_GW01_H02_0014_20211125110236_farm_image_real_3f51fe5a409d.jpg,9436.0,1548.0,7888.0,2021-11-25 11:02:36
FA0002_GW01_H01_0001_20211125110701_farm_image_real_8f2b8038493b.jpg,9532.0,1542.0,7990.0,2021-11-25 11:07:01
FA0002_GW01_H02_0010_20211125110843_farm_image_real_ba76e3f64975.jpg,10438.0,1698.0,8740.0,2021-11-25 11:08:43
FA0002_GW01_H01_0002_20211125111032_farm_image_real_e97f2dc04c2a.jpg,10503.0,1663.0,8840.0,2021-11-25 11:10:32
FA0002_GW01_H02_0012_20211125111230_farm_image_real_03be1408404d.jpg,9270.0,1581.0,7689.0,2021-11-25 11:12:30
FA0002_GW01_H02_0013_20211125111236_farm_image_real_da371902410d.jpg,10096.0,1757.0,8339.0,2021-11-25 11:12:36
FA0002_GW01_H02_0015_20211125111434_farm_image_real_8f2b737a4c36.jpg,8802.0,1435.0,7367.0,2021-11-25 11:14:34
FA0002_GW01_H01_0001_20211125111701_farm_image_real_9f2e8efc4ced.jpg,9105.0,1448.0,7657.0,2021-11-25 11:17:01
FA0002_GW01_H02_0010_20211125112031_farm_image_real_b802863e4d0b.jpg,10009.0,1662.0,8347.0,2021-11-25 11:20:31
FA0002_GW01_H02_0013_20211125112240_farm_image_real_323038454c9d.jpg,9201.0,1554.0,7647.0,2021-11-25 11:22:40
FA0002_GW01_H02_0012_20211125112428_farm_image_real_b94b4edf40a2.jpg,8634.0,1406.0,7228.0,2021-11-25 11:24:28
FA0002_GW01_H02_0014_20211125112439_farm_image_real_946e910443f5.jpg,9640.0,1549.0,8091.0,2021-11-25 11:24:39
FA0002_GW01_H02_0015_20211125112441_farm_image_real_660c7d8d4bbb.jpg,10094.0,1615.0,8479.0,2021-11-25 11:24:41
FA0002_GW01_H01_0001_20211125112704_farm_image_real_5a7fab44422e.jpg,9046.0,1457.0,7589.0,2021-11-25 11:27:04
FA0002_GW01_H02_0010_20211125113234_farm_image_real_9233961f44f9.jpg,10001.0,1690.0,8311.0,2021-11-25 11:32:34
FA0002_GW01_H02_0012_20211125113430_farm_image_real_d4dbd90e4c56.jpg,8608.0,1399.0,7209.0,2021-11-25 11:34:30
FA0002_GW01_H02_0013_20211125113441_farm_image_real_fc76a95e4605.jpg,10186.0,1705.0,8481.0,2021-11-25 11:34:41
FA0002_GW01_H02_0014_20211125113638_farm_image_real_da34f3a24b3c.jpg,9816.0,1676.0,8140.0,2021-11-25 11:36:38
FA0002_GW01_H02_0015_20211125113640_farm_image_real_0ba2c76446dd.jpg,9260.0,1612.0,7648.0,2021-11-25 11:36:40
FA0002_GW01_H01_0001_20211125113710_farm_image_real_8628ef624cfc.jpg,10036.0,1636.0,8400.0,2021-11-25 11:37:10
FA0002_GW01_H01_0002_20211125114228_farm_image_real_16568347441d.jpg,8766.0,1783.0,6983.0,2021-11-25 11:42:28
FA0002_GW01_H02_0010_20211125114431_farm_image_real_eb8509ef446a.jpg,9165.0,1544.0,7621.0,2021-11-25 11:44:31
FA0002_GW01_H02_0013_20211125114639_farm_image_real_07c6bdfd4b46.jpg,9577.0,1524.0,8053.0,2021-11-25 11:46:39
FA0002_GW01_H02_0015_20211125114640_farm_image_real_77a413084150.jpg,9346.0,1608.0,7738.0,2021-11-25 11:46:40
FA0002_GW01_H01_0001_20211125114713_farm_image_real_5dc448a747eb.jpg,9648.0,1696.0,7952.0,2021-11-25 11:47:13
FA0002_GW01_H02_0014_20211125114844_farm_image_real_a1e72ad34133.jpg,11156.0,1792.0,9364.0,2021-11-25 11:48:44
FA0002_GW01_H02_0010_20211125115630_farm_image_real_63c13b5b4950.jpg,8436.0,1354.0,7082.0,2021-11-25 11:56:30
FA0002_GW01_H02_0012_20211125115631_farm_image_real_ff4aacf44416.jpg,9766.0,1732.0,8034.0,2021-11-25 11:56:31
FA0002_GW01_H01_0001_20211125115718_farm_image_real_31a38d0c4623.jpg,9850.0,1696.0,8154.0,2021-11-25 11:57:18
FA0002_GW01_H02_0015_20211125115837_farm_image_real_86cb8f714432.jpg,9536.0,1648.0,7888.0,2021-11-25 11:58:37
FA0002_GW01_H01_0002_20211125120426_farm_image_real_a40942e14dfe.jpg,9212.0,1473.0,7739.0,2021-11-25 12:04:26
FA0002_GW01_H01_0001_20211125120720_farm_image_real_76dccf924383.jpg,9251.0,1701.0,7550.0,2021-11-25 12:07:20
FA0002_GW01_H02_0010_20211125120827_farm_image_real_26545db44de0.jpg,9598.0,1612.0,7986.0,2021-11-25 12:08:27
FA0002_GW01_H02_0013_20211125120835_farm_image_real_85d321b94651.jpg,8941.0,1542.0,7399.0,2021-11-25 12:08:35
FA0002_GW01_H02_0015_20211125120838_farm_image_real_1ff43ca24781.jpg,10401.0,1748.0,8653.0,2021-11-25 12:08:38
FA0002_GW01_H01_0007_20211125121039_farm_image_real_c06b97f14b31.jpg,10184.0,1629.0,8555.0,2021-11-25 12:10:39
FA0002_GW01_H02_0014_20211125121236_farm_image_real_861f2f224519.jpg,10268.0,1893.0,8375.0,2021-11-25 12:12:36
FA0002_GW01_H01_0002_20211125121428_farm_image_real_9fc52be6466a.jpg,9572.0,1592.0,7980.0,2021-11-25 12:14:28
FA0002_GW01_H01_0001_20211125121728_farm_image_real_cb8d35c74953.jpg,8831.0,1551.0,7280.0,2021-11-25 12:17:28
FA0002_GW01_H02_0013_20211125121838_farm_image_real_f53d1a6a4ca0.jpg,9498.0,1658.0,7840.0,2021-11-25 12:18:38
FA0002_GW01_H02_0010_20211125121845_farm_image_real_561f1b4342ff.jpg,8895.0,1625.0,7270.0,2021-11-25 12:18:45
FA0002_GW01_H02_0015_20211125122036_farm_image_real_24ea94234bf7.jpg,10017.0,1658.0,8359.0,2021-11-25 12:20:36
FA0002_GW01_H01_0007_20211125122045_farm_image_real_62cf389d40b3.jpg,7371.0,1186.0,6185.0,2021-11-25 12:20:45
FA0002_GW01_H01_0002_20211125122428_farm_image_real_095174e44550.jpg,9646.0,1414.0,8232.0,2021-11-25 12:24:28
FA0002_GW01_H01_0001_20211125122805_farm_image_real_6413d19f4146.jpg,9824.0,1712.0,8112.0,2021-11-25 12:28:05
FA0002_GW01_H02_0012_20211125122832_farm_image_real_045972fc419a.jpg,9682.0,1663.0,8019.0,2021-11-25 12:28:32
FA0002_GW01_H02_0013_20211125122839_farm_image_real_9c46be834460.jpg,9407.0,1654.0,7753.0,2021-11-25 12:28:39
FA0002_GW01_H02_0010_20211125123029_farm_image_real_87cb5cc44d36.jpg,11450.0,1680.0,9770.0,2021-11-25 12:30:29
FA0002_GW01_H02_0014_20211125123236_farm_image_real_6061f3a245d8.jpg,10015.0,1443.0,8572.0,2021-11-25 12:32:36
FA0002_GW01_H01_0001_20211125123805_farm_image_real_19afad494c8f.jpg,10224.0,1932.0,8292.0,2021-11-25 12:38:05
FA0002_GW01_H02_0013_20211125123845_farm_image_real_e4276683480e.jpg,11221.0,1917.0,9304.0,2021-11-25 12:38:45
FA0002_GW01_H02_0012_20211125124029_farm_image_real_a34a5a534d66.jpg,8145.0,1230.0,6915.0,2021-11-25 12:40:29
FA0002_GW01_H02_0015_20211125124044_farm_image_real_9368695f4cb6.jpg,9356.0,1590.0,7766.0,2021-11-25 12:40:44
FA0002_GW01_H02_0010_20211125124226_farm_image_real_0fc396fc41ed.jpg,9497.0,1627.0,7870.0,2021-11-25 12:42:26
FA0002_GW01_H02_0014_20211125124444_farm_image_real_0500c4f949fb.jpg,9202.0,1702.0,7500.0,2021-11-25 12:44:44
FA0002_GW01_H01_0002_20211125124629_farm_image_real_9a88599f4e74.jpg,9178.0,1686.0,7492.0,2021-11-25 12:46:29
FA0002_GW01_H01_0001_20211125124807_farm_image_real_71e222b24d5f.jpg,9905.0,1563.0,8342.0,2021-11-25 12:48:07
FA0002_GW01_H02_0012_20211125125032_farm_image_real_5162c82245dd.jpg,7739.0,1757.0,5982.0,2021-11-25 12:50:32
FA0002_GW01_H02_0013_20211125125050_farm_image_real_871d511a4083.jpg,10157.0,1624.0,8533.0,2021-11-25 12:50:50
FA0002_GW01_H02_0010_20211125125234_farm_image_real_5866c5a448cd.jpg,8604.0,1427.0,7177.0,2021-11-25 12:52:34
FA0002_GW01_H02_0015_20211125125236_farm_image_real_1bac42df4d94.jpg,11554.0,1636.0,9918.0,2021-11-25 12:52:36
FA0002_GW01_H01_0007_20211125125439_farm_image_real_8ebac71f4306.jpg,8154.0,4053.0,4101.0,2021-11-25 12:54:39
FA0002_GW01_H02_0014_20211125125631_farm_image_real_3a689ebb440f.jpg,10399.0,1873.0,8526.0,2021-11-25 12:56:31
FA0002_GW01_H01_0001_20211125125814_farm_image_real_8defb82b4a7d.jpg,11034.0,1797.0,9237.0,2021-11-25 12:58:14
FA0002_GW01_H01_0002_20211125125825_farm_image_real_4c2cd5fe4c5e.jpg,10686.0,1960.0,8726.0,2021-11-25 12:58:25
FA0002_GW01_H02_0012_20211125130235_farm_image_real_652642174947.jpg,8065.0,1522.0,6543.0,2021-11-25 13:02:35
FA0002_GW01_H02_0013_20211125130238_farm_image_real_01c17c2f4b0c.jpg,9982.0,1802.0,8180.0,2021-11-25 13:02:38
FA0002_GW01_H02_0015_20211125130240_farm_image_real_05e41ef34d72.jpg,10838.0,1784.0,9054.0,2021-11-25 13:02:40
FA0002_GW01_H02_0010_20211125130433_farm_image_real_d22c9a704dbe.jpg,9078.0,1687.0,7391.0,2021-11-25 13:04:33
FA0002_GW01_H01_0007_20211125130444_farm_image_real_5f7dae02442d.jpg,7535.0,2076.0,5459.0,2021-11-25 13:04:44
FA0002_GW01_H01_0001_20211125130815_farm_image_real_537f9e614102.jpg,9112.0,1710.0,7402.0,2021-11-25 13:08:15
FA0002_GW01_H01_0002_20211125130827_farm_image_real_b9ec08f14c8f.jpg,9670.0,1768.0,7902.0,2021-11-25 13:08:27
FA0002_GW01_H02_0012_20211125131429_farm_image_real_f6de55794730.jpg,10526.0,1779.0,8747.0,2021-11-25 13:14:29
FA0002_GW01_H02_0015_20211125131431_farm_image_real_2152fb6f4518.jpg,9688.0,1634.0,8054.0,2021-11-25 13:14:31
FA0002_GW01_H02_0010_20211125131627_farm_image_real_7dd1d5ed42fe.jpg,9702.0,1562.0,8140.0,2021-11-25 13:16:27
FA0002_GW01_H02_0012_20211125132431_farm_image_real_6639fe99461f.jpg,8725.0,1493.0,7232.0,2021-11-25 13:24:31
FA0002_GW01_H02_0013_20211125132438_farm_image_real_54b90f4d42a4.jpg,9240.0,1597.0,7643.0,2021-11-25 13:24:38
FA0002_GW01_H02_0010_20211125132827_farm_image_real_a71b25e94d80.jpg,9048.0,1508.0,7540.0,2021-11-25 13:28:27
FA0002_GW01_H01_0001_20211125132830_farm_image_real_dfb4b2454100.jpg,9876.0,1781.0,8095.0,2021-11-25 13:28:30
FA0002_GW01_H01_0002_20211125133227_farm_image_real_22abb44c40d1.jpg,9160.0,1573.0,7587.0,2021-11-25 13:32:27
FA0002_GW01_H02_0015_20211125133433_farm_image_real_a0d62f394876.jpg,10035.0,1664.0,8371.0,2021-11-25 13:34:33
FA0002_GW01_H02_0013_20211125133442_farm_image_real_9925d9ba425a.jpg,9586.0,1648.0,7938.0,2021-11-25 13:34:42
FA0002_GW01_H02_0012_20211125133629_farm_image_real_c67937eb4aa6.jpg,10266.0,1655.0,8611.0,2021-11-25 13:36:29
FA0002_GW01_H02_0010_20211125133830_farm_image_real_9306d0fc42e1.jpg,8456.0,1507.0,6949.0,2021-11-25 13:38:30
FA0002_GW01_H01_0001_20211125133839_farm_image_real_0f8f315c476b.jpg,9986.0,1707.0,8279.0,2021-11-25 13:38:39
FA0002_GW01_H02_0014_20211125134030_farm_image_real_3a697a64443a.jpg,10729.0,1627.0,9102.0,2021-11-25 13:40:30
FA0002_GW01_H02_0015_20211125134436_farm_image_real_a756cf6743c8.jpg,10307.0,1650.0,8657.0,2021-11-25 13:44:36
FA0002_GW01_H02_0013_20211125134635_farm_image_real_b2ab10ff44b7.jpg,11422.0,1800.0,9622.0,2021-11-25 13:46:35
FA0002_GW01_H02_0012_20211125134829_farm_image_real_f64d88eb4fcd.jpg,9591.0,1516.0,8075.0,2021-11-25 13:48:29
FA0002_GW01_H02_0010_20211125134833_farm_image_real_38f174d74709.jpg,8892.0,1638.0,7254.0,2021-11-25 13:48:33
FA0002_GW01_H01_0001_20211125134846_farm_image_real_3801bb614e46.jpg,8644.0,1498.0,7146.0,2021-11-25 13:48:46
FA0002_GW01_H01_0007_20211125134852_farm_image_real_9cf28864470e.jpg,10709.0,1719.0,8990.0,2021-11-25 13:48:52
FA0002_GW01_H02_0014_20211125135030_farm_image_real_4e89486e41cc.jpg,9707.0,1650.0,8057.0,2021-11-25 13:50:30
FA0002_GW01_H01_0002_20211125135432_farm_image_real_58f81d834922.jpg,10592.0,1758.0,8834.0,2021-11-25 13:54:32
FA0002_GW01_H02_0013_20211125135642_farm_image_real_5342519f43ae.jpg,10446.0,1709.0,8737.0,2021-11-25 13:56:42
FA0002_GW01_H02_0015_20211125135642_farm_image_real_dcdb64c04eb3.jpg,10240.0,1885.0,8355.0,2021-11-25 13:56:42
FA0002_GW01_H02_0012_20211125135829_farm_image_real_efc876ba45f9.jpg,8275.0,1377.0,6898.0,2021-11-25 13:58:29
FA0002_GW01_H01_0001_20211125135852_farm_image_real_c75102aa4335.jpg,10150.0,1842.0,8308.0,2021-11-25 13:58:52
FA0002_GW01_H02_0010_20211125140034_farm_image_real_12064c754596.jpg,9674.0,1606.0,8068.0,2021-11-25 14:00:34
FA0002_GW01_H02_0014_20211125140038_farm_image_real_9523f1b244b7.jpg,9373.0,1626.0,7747.0,2021-11-25 14:00:38
FA0002_GW01_H01_0002_20211125140627_farm_image_real_14ea3d254c67.jpg,10097.0,1596.0,8501.0,2021-11-25 14:06:27
FA0002_GW01_H02_0015_20211125140642_farm_image_real_e2aebf5f496c.jpg,10244.0,1623.0,8621.0,2021-11-25 14:06:42
FA0002_GW01_H02_0013_20211125140644_farm_image_real_20790bc845f3.jpg,9605.0,1736.0,7869.0,2021-11-25 14:06:44
FA0002_GW01_H01_0001_20211125140853_farm_image_real_bb189adc42ee.jpg,10023.0,1751.0,8272.0,2021-11-25 14:08:53
FA0002_GW01_H02_0012_20211125141027_farm_image_real_d7aee3944052.jpg,8374.0,1548.0,6826.0,2021-11-25 14:10:27
FA0002_GW01_H02_0014_20211125141232_farm_image_real_4c6223ca471c.jpg,9968.0,1659.0,8309.0,2021-11-25 14:12:32
FA0002_GW01_H02_0010_20211125141241_farm_image_real_1accc58a4c25.jpg,9051.0,1536.0,7515.0,2021-11-25 14:12:41
FA0002_GW01_H01_0007_20211125141247_farm_image_real_277e82794ecd.jpg,7268.0,1188.0,6080.0,2021-11-25 14:12:47
FA0002_GW01_H01_0002_20211125141635_farm_image_real_384d46f9426a.jpg,9130.0,1519.0,7611.0,2021-11-25 14:16:35
FA0002_GW01_H02_0015_20211125141642_farm_image_real_b3c45d8d4403.jpg,9668.0,1568.0,8100.0,2021-11-25 14:16:42
FA0002_GW01_H01_0001_20211125141853_farm_image_real_710ee3c74971.jpg,10833.0,1708.0,9125.0,2021-11-25 14:18:53
FA0002_GW01_H02_0012_20211125142027_farm_image_real_ff88ca7e418e.jpg,10067.0,1707.0,8360.0,2021-11-25 14:20:27
FA0002_GW01_H02_0014_20211125142235_farm_image_real_53794052439b.jpg,8611.0,1401.0,7210.0,2021-11-25 14:22:35
FA0002_GW01_H02_0010_20211125142434_farm_image_real_bf51edc94ac8.jpg,9567.0,1546.0,8021.0,2021-11-25 14:24:34
FA0002_GW01_H02_0015_20211125142835_farm_image_real_1129219d482a.jpg,9624.0,1538.0,8086.0,2021-11-25 14:28:35
FA0002_GW01_H02_0013_20211125142843_farm_image_real_24dca26447d5.jpg,10054.0,1621.0,8433.0,2021-11-25 14:28:43
FA0002_GW01_H01_0001_20211125142900_farm_image_real_cf71df2f4e59.jpg,9251.0,1647.0,7604.0,2021-11-25 14:29:00
FA0002_GW01_H02_0012_20211125143227_farm_image_real_8f77f67940a6.jpg,9132.0,1578.0,7554.0,2021-11-25 14:32:27
FA0002_GW01_H02_0014_20211125143239_farm_image_real_696a6aad47d3.jpg,9828.0,1829.0,7999.0,2021-11-25 14:32:39
FA0002_GW01_H02_0010_20211125143434_farm_image_real_d1676c964905.jpg,9141.0,1590.0,7551.0,2021-11-25 14:34:34
FA0002_GW01_H02_0015_20211125143840_farm_image_real_1b71f6fe4c50.jpg,9966.0,1708.0,8258.0,2021-11-25 14:38:40
FA0002_GW01_H01_0001_20211125143904_farm_image_real_52536e5b49de.jpg,9232.0,1669.0,7563.0,2021-11-25 14:39:04
FA0002_GW01_H02_0013_20211125144035_farm_image_real_0f8052814f05.jpg,9776.0,1596.0,8180.0,2021-11-25 14:40:35
FA0002_GW01_H01_0002_20211125144036_farm_image_real_4bf291e64ac4.jpg,9373.0,1863.0,7510.0,2021-11-25 14:40:36
FA0002_GW01_H02_0012_20211125144228_farm_image_real_6b0890e8451b.jpg,8507.0,1381.0,7126.0,2021-11-25 14:42:28
FA0002_GW01_H02_0010_20211125144436_farm_image_real_ea8a2f3b46ad.jpg,9140.0,1450.0,7690.0,2021-11-25 14:44:36
FA0002_GW01_H01_0001_20211125144910_farm_image_real_dc275c8d46bc.jpg,10731.0,1708.0,9023.0,2021-11-25 14:49:10
FA0002_GW01_H02_0015_20211125145036_farm_image_real_4c44b80e4a1a.jpg,9077.0,1645.0,7432.0,2021-11-25 14:50:36
FA0002_GW01_H02_0012_20211125145230_farm_image_real_30439c6a4dbc.jpg,10698.0,1704.0,8994.0,2021-11-25 14:52:30
FA0002_GW01_H01_0002_20211125145232_farm_image_real_271fabc84456.jpg,10684.0,2086.0,8598.0,2021-11-25 14:52:32
FA0002_GW01_H02_0014_20211125145437_farm_image_real_595121584c2e.jpg,10341.0,1848.0,8493.0,2021-11-25 14:54:37
FA0002_GW01_H02_0010_20211125145634_farm_image_real_edd34b6040d7.jpg,9272.0,1558.0,7714.0,2021-11-25 14:56:34
FA0002_GW01_H01_0001_20211125145917_farm_image_real_0ea6ff6b4285.jpg,9366.0,1460.0,7906.0,2021-11-25 14:59:17
FA0002_GW01_H02_0013_20211125150040_farm_image_real_767369f14b6b.jpg,9972.0,1612.0,8360.0,2021-11-25 15:00:40
FA0002_GW01_H01_0002_20211125150429_farm_image_real_bc98f31d42d7.jpg,10036.0,1670.0,8366.0,2021-11-25 15:04:29
FA0002_GW01_H02_0010_20211125150829_farm_image_real_ab286f414073.jpg,8628.0,1411.0,7217.0,2021-11-25 15:08:29
FA0002_GW01_H01_0001_20211125150925_farm_image_real_e74575534295.jpg,9908.0,1730.0,8178.0,2021-11-25 15:09:25
FA0002_GW01_H02_0013_20211125151056_farm_image_real_6add159f435f.jpg,9914.0,1770.0,8144.0,2021-11-25 15:10:56
FA0002_GW01_H02_0012_20211125151233_farm_image_real_c7d8f6694c51.jpg,9186.0,1509.0,7677.0,2021-11-25 15:12:33
FA0002_GW01_H02_0015_20211125151240_farm_image_real_2d8dcc2d45f8.jpg,10136.0,1704.0,8432.0,2021-11-25 15:12:40
FA0002_GW01_H01_0001_20211125152005_farm_image_real_e46c041f414b.jpg,9195.0,1490.0,7705.0,2021-11-25 15:20:05
FA0002_GW01_H02_0010_20211125152027_farm_image_real_c65235cf4abc.jpg,9294.0,1481.0,7813.0,2021-11-25 15:20:27
FA0002_GW01_H02_0013_20211125152240_farm_image_real_dbcc729245c8.jpg,10054.0,1898.0,8156.0,2021-11-25 15:22:40
FA0002_GW01_H02_0015_20211125152240_farm_image_real_957b0c5c4cf6.jpg,10135.0,1664.0,8471.0,2021-11-25 15:22:40
FA0002_GW01_H02_0012_20211125152429_farm_image_real_77c186724b16.jpg,9109.0,1469.0,7640.0,2021-11-25 15:24:29
FA0002_GW01_H01_0001_20211125153011_farm_image_real_03d2fe2443b0.jpg,9511.0,1496.0,8015.0,2021-11-25 15:30:11
FA0002_GW01_H02_0010_20211125153037_farm_image_real_5d8ae3864679.jpg,9960.0,1612.0,8348.0,2021-11-25 15:30:37
FA0002_GW01_H02_0012_20211125153429_farm_image_real_6d8fc7294c88.jpg,8384.0,1579.0,6805.0,2021-11-25 15:34:29
FA0002_GW01_H02_0013_20211125153440_farm_image_real_b69dbe95495d.jpg,10016.0,1876.0,8140.0,2021-11-25 15:34:40
FA0002_GW01_H02_0015_20211125153515_farm_image_real_7fdd702444b6.jpg,9413.0,1533.0,7880.0,2021-11-25 15:35:15
FA0002_GW01_H01_0002_20211125153634_farm_image_real_fa2589804073.jpg,10559.0,1684.0,8875.0,2021-11-25 15:36:34
FA0002_GW01_H01_0001_20211125154017_farm_image_real_8658a494487a.jpg,9748.0,1633.0,8115.0,2021-11-25 15:40:17
FA0002_GW01_H02_0010_20211125154237_farm_image_real_61bcb38d494b.jpg,9246.0,1543.0,7703.0,2021-11-25 15:42:37
FA0002_GW01_H02_0012_20211125154435_farm_image_real_ebf43806417c.jpg,9689.0,1578.0,8111.0,2021-11-25 15:44:35
FA0002_GW01_H01_0007_20211125154502_farm_image_real_91e8073d408c.jpg,11123.0,1755.0,9368.0,2021-11-25 15:45:02
FA0002_GW01_H02_0015_20211125154639_farm_image_real_658077de4bb5.jpg,10794.0,1848.0,8946.0,2021-11-25 15:46:39
FA0002_GW01_H02_0013_20211125154639_farm_image_real_02d474a84ab3.jpg,10649.0,1780.0,8869.0,2021-11-25 15:46:39
FA0002_GW01_H01_0001_20211125155023_farm_image_real_d219565f4bdc.jpg,9524.0,1542.0,7982.0,2021-11-25 15:50:23
